{
  "threshold_independent_metrics": {
    "AUC_ROC": 1.0,
    "AUC_PR": 1.0,
    "VUS_ROC": 1.0,
    "VUS_PR": 1.0
  },
  "threshold_dependent_metrics": {
    "PA-F1_point": {
      "PA-F1": 1.0,
      "fpr": 0.0,
      "score_threshold": 0.0033600511091045338,
      "threshold": 0.0037000000000000366
    },
    "Affiliation-F_point": {
      "Affiliation-F": 0.9999999999999996,
      "fpr": 0.0,
      "score_threshold": 0.0033600511091045338,
      "threshold": 0.0037000000000000366
    }
  }
}