,PREC@k,AP@k,NDCG@k,MRR@k,k,seed,level
0,0.6124720357941834,0.5833426547352721,0.6555081537625244,0.8574664429530201,3,42,family_match
1,0.43042505592841157,0.4016032811334825,0.48899251443947356,0.7521812080536913,3,42,finegrained_match
