,PREC@k,AP@k,NDCG@k,MRR@k,k,seed,level
0,0.7148809523809524,0.7138558201058202,0.7148809523809524,0.7163690476190476,3,42,family_match
1,0.6922619047619047,0.6912367724867725,0.6922619047619047,0.69375,3,42,finegrained_match
